{
  "format_version": "1.10.0",
  "minecraft:attachable": {
    "description": {
      "identifier": "minecraft:leather_leggings.fox",
      "item": { "minecraft:leather_leggings": "query.owner_identifier == 'minecraft:fox'" },
      "materials": {
        "default": "armor_leather",
        "enchanted": "armor_leather_enchanted"
      },
      "textures": {
        "default": "textures/models/armor/leather_2",
        "enchanted": "textures/misc/enchanted_item_glint"
      },
      "geometry": {
        "default": "geometry.fox.armor.leggings"
      },
      "scripts": {
        "parent_setup": "variable.leg_layer_visible = 0.0;"
      },
      "render_controllers": [ "controller.render.armor.fox" ]
    }
  }
}
